<?xml version="1.0" encoding="UTF-8"?>
<manifesto>
    <meta>
        <identificador>
            WEB2018::a78452::TP5
        </identificador>
        <titulo>
            Manifesto para o TPC5 da UC Desenvolvimento Aplicações WEB 2018
        </titulo>
        <dinicio>
            17-10-2018
        </dinicio>
        <dfim>
            20-10-2018
        </dfim>
        <supervisor>
            <nome>
                José Carlos Ramalho
            </nome>
            <email>jcr@di.uminho.pt</email>
            <website>http://www4.di.uminho.pt/~jcr</website>
        </supervisor>
    </meta>
    <equipa>
        <membro>
            <nome>
                José Pedro dos Santos Ferreira
            </nome>
            <email>a78452@alunos.uminho.pt</email>
            <identificador>
                a78452
            </identificador>
            <website>https://github.com/josepferreira/DesenvolvimentoWeb2018</website>
            <foto path="a78452.jpeg"/>
        </membro>
    </equipa>
    <resumo>
        <para>
                Neste trabalho foi-nos proposto criar um <i>website</i> a partir de ficheiros <b>json</b> relativos às musicas duma banda. Para relaizar o website era necessário primeiro criar um ficheiro com o índice, visto que os ficheiros que nos foram dados apenas eram relativos às musicas, e como tal foi necessário criar um índice a partir dos mesmos. Isso podia ser feito automaticamente utilizando uma linguagem (<i>Java</i>, <i>AWK</i>, <i>Python</i>,...).
        </para>
        <para>
                Após termos todos os ficheiros <b>json</b> e os analisarmos foi necessário implementar um <i>"template"</i> que fizesse a passagem dos mesmos para <b>html</b>. Como o servidor foi escrito em <i>JavaScript</i> com auxílio de <i>Node.js</i> utilizamos o <i>Pug</i> visto ser direcionado para os mesmos.
        </para> 
    </resumo>
    <resultados>
        <resultado url="server.js">
            Código com o servidor
        </resultado>
        <resultado url="manifesto-tp5.xml">
            Manifesto para o TP4 em formato XML
        </resultado>
        <resultado url="manifesto-tp5.html">
            Manifesto para o TP4 em formato HTML
        </resultado>
        <resultado url="json/index.json">
            Ficheiro index.json
        </resultado>
        <resultado url="layout.pug">
            Ficheiro pug com o layout
        </resultado>
        <resultado url="index.pug">
            Ficheiro pug com o template para o índice
        </resultado>
        <resultado url="template.pug">
            Ficheiro pug com o template para as páginas
        </resultado>
        <resultado url="http://localhost:5000">
            Website
        </resultado>
    </resultados>
</manifesto>
