<?xml version="1.0" encoding="UTF-8"?>
<manifesto>
    <meta>
        <identificador>
            WEB2018::a78452::TP8
        </identificador>
        <titulo>
            Manifesto para o TPC8 da UC Desenvolvimento Aplicações WEB 2018
        </titulo>
        <dinicio>
            06-11-2018
        </dinicio>
        <dfim>
            11-11-2018
        </dfim>
        <supervisor>
            <nome>
                José Carlos Ramalho
            </nome>
            <email>jcr@di.uminho.pt</email>
            <website>http://www4.di.uminho.pt/~jcr</website>
        </supervisor>
    </meta>
    <equipa>
        <membro>
            <nome>
                José Pedro dos Santos Ferreira
            </nome>
            <email>a78452@alunos.uminho.pt</email>
            <identificador>
                a78452
            </identificador>
            <website>https://github.com/josepferreira/DesenvolvimentoWeb2018</website>
            <foto path="a78452.jpeg"/>
        </membro>
    </equipa>
    <resumo>
        <para>
            Neste trabalho foi-nos proposto criar um <i>website</i> que permitisse o <i>upload</i> de ficheiros e acesso aos mesmos. Este
            é uma evolução do trabalho anterior, visto que neste temos de adicionar o ficheiro à tabela sem recarregar a página.
        </para>
        <para>
            Para a realização do trabalho utiliamos o módulo <i>express</i> do <b>node</b> que divide o nosso projeto em vários componentes e 
            já realiza praticamente todos os pedidos que precisamos. Para além disso utilizamos <b>Ajax</b> para realizar os pedidos ao 
            servidor, sendo que quando se obtém sucesso no pedido adicionamos o ficheiro à tabela e em caso contrário informamos o erro.
            Para informar o estado de sucesso ou erro, o servidor ao receber o pedido realiza as operações necessárias e em caso de tudo 
            ser realizado corretamente envia o nome do ficheiro, caso contrário muda o estado da resposta para 500 (errro interno) e envia
            o erro.
        </para>
    </resumo>
    <resultados>
        <resultado url="manifesto-tp8.xml">
            Manifesto para o TP8 em formato XML
        </resultado>
        <resultado url="manifesto-tp8.html">
            Manifesto para o TP8 em formato HTML
        </resultado>  
        <resultado url="http://localhost:4448">
            Website
        </resultado>
    </resultados>
</manifesto>
