<?xml version="1.0" encoding="UTF-8"?>
<manifesto>
    <meta>
        <identificador>
            WEB2018::a78452::TP7
        </identificador>
        <titulo>
            Manifesto para o TPC7 da UC Desenvolvimento Aplicações WEB 2018
        </titulo>
        <dinicio>
            31-10-2018
        </dinicio>
        <dfim>
            04-11-2018
        </dfim>
        <supervisor>
            <nome>
                José Carlos Ramalho
            </nome>
            <email>jcr@di.uminho.pt</email>
            <website>http://www4.di.uminho.pt/~jcr</website>
        </supervisor>
    </meta>
    <equipa>
        <membro>
            <nome>
                José Pedro dos Santos Ferreira
            </nome>
            <email>a78452@alunos.uminho.pt</email>
            <identificador>
                a78452
            </identificador>
            <website>https://github.com/josepferreira/DesenvolvimentoWeb2018</website>
            <foto path="a78452.jpeg"/>
        </membro>
    </equipa>
    <resumo>
        <para>
            Neste trabalho foi-nos proposto criar um <i>website</i> que permitisse o <i>upload</i> de ficheiros e acesso aos mesmos. 
            Para isso podíamos ter uma página para cada coponente (<i>upload</i>, visualização dos ficheiros, ...), no entanto o objetivo era 
            juntar tudo em apenas uma página.
        </para>
        <para>
            Para a realização do trabalho apenas temos uma página chamada <b>index</b> com o formulário para enviar os ficheiros e com a lista 
            dos mesmos, sendo que estes estão acessíveis, ou seja podem ser carregados para o cliente. Para além disso, na realização do TPC 
            utilizamos uma nova ferramenta, <b>express</b> que permite fazer <i>routing</i> dos diferentes métodos <i>http</i> e de <i>urls</i>, 
            tornando o código mais legível. De referir que qualquer <i>url</i> que não esteja contemplado no <i>site</i> é redirecionado para 
            a página principal.
        </para>
    </resumo>
    <resultados>
        <resultado url="server.js">
            Código com o servidor
        </resultado>
        <resultado url="manifesto-tp7.xml">
            Manifesto para o TP7 em formato XML
        </resultado>
        <resultado url="manifesto-tp7.html">
            Manifesto para o TP7 em formato HTML
        </resultado>
        <resultado url="ficheiros.json">
            Ficheiro JSON com a lista de ficheiros
        </resultado>
        <resultado url="layout.pug">
            Ficheiro pug com o layout
        </resultado>
        <resultado url="index.pug">
            Ficheiro pug com o template para o índice (contém o formulário e os ficheiros)
        </resultado>
        <resultado url="erro.pug">
            Ficheiro pug com o template para a página de erro
        </resultado>
        <resultado url="http://localhost:4447">
            Website
        </resultado>
        <resultado url="package.json">
            Ficheiro com as especificações para iniciar o servidor
        </resultado>
    </resultados>
</manifesto>
