<?xml version="1.0" encoding="UTF-8"?>
<manifesto>
    <meta>
        <identificador>
            WEB2018::a78452::TP6
        </identificador>
        <titulo>
            Manifesto para o TPC6 da UC Desenvolvimento Aplicações WEB 2018
        </titulo>
        <dinicio>
            24-10-2018
        </dinicio>
        <dfim>
            28-10-2018
        </dfim>
        <supervisor>
            <nome>
                José Carlos Ramalho
            </nome>
            <email>jcr@di.uminho.pt</email>
            <website>http://www4.di.uminho.pt/~jcr</website>
        </supervisor>
    </meta>
    <equipa>
        <membro>
            <nome>
                José Pedro dos Santos Ferreira
            </nome>
            <email>a78452@alunos.uminho.pt</email>
            <identificador>
                a78452
            </identificador>
            <website>https://github.com/josepferreira/DesenvolvimentoWeb2018</website>
            <foto path="a78452.jpeg"/>
        </membro>
    </equipa>
    <resumo>
        <para>
            Neste trabalho foi-nos proposto criar uma "aplicação" relativa a uma lista de tarefas. Esta aplicação tinha de permitir adicionar
            uma tarefa, listar as tarefas e apagar uma determinada tarefa. Cada tarefa é constituída por: 
            <ul> 
                <li>Data de registo</li>
                <li>Data limite</li>
                <li>Descrição</li>
                <li>
                    Tipo, sendo que este pode ser:
                    <ul>
                        <li>Doméstica</li>
                        <li>Académica</li>
                        <li>Trabalho</li>
                        <li>Física</li>
                        <li>Lazer</li>
                    </ul>
                </li>
                <li>Id, para facilitar na remação</li>
            </ul>
            Para além disto a lista de tarefas tinha de estar guardado num ficheiro <b>JSON</b>.
        </para>
        <para>
            Para a realização deste trabalho utilizamos as mesmas ferramentas do trabalho anterior (<i>pug</i>, <i>node</i>, ...) inovando
            apenas nos métodos do <i>request HTPP</i>. Aqui a ideia passava por utilizar diferentes métodos, sendo que para registar a tarefa
            em vez de um <b>GET</b> utilizamos um <b>POST</b> (onde a informação vai no corpo), utilizando o mesmo para a remoção da tarefa 
            (aqui a ideia passou por utilizar um <b>DELETE</b>, no entanto não foi conseguido).
        </para>
    </resumo>
    <resultados>
        <resultado url="server.js">
            Código com o servidor
        </resultado>
        <resultado url="manifesto-tp6.xml">
            Manifesto para o TP6 em formato XML
        </resultado>
        <resultado url="manifesto-tp6.html">
            Manifesto para o TP6 em formato HTML
        </resultado>
        <resultado url="tarefas.json">
            Ficheiro JSON com a lista de tarefas
        </resultado>
        <resultado url="layout.pug">
            Ficheiro pug com o layout
        </resultado>
        <resultado url="index.pug">
            Ficheiro pug com o template para o índice (com a lista de tarefas)
        </resultado>
        <resultado url="registo.pug">
            Ficheiro pug com o template para o registo
        </resultado>
        <resultado url="tarefa.pug">
            Ficheiro pug com o template para a tarefa
        </resultado>
        <resultado url="tarefa-apagada.pug">
            Ficheiro pug com o template para a tarefa apagada
        </resultado>
        <resultado url="erro.pug">
            Ficheiro pug com o template para a página de erro
        </resultado>
        <resultado url="http://localhost:4446">
            Website
        </resultado>
        <resultado url="package.json">
            Ficheiro com as especificações para iniciar o servidor
        </resultado>
    </resultados>
</manifesto>
