[{"data_registo":"2018-10-25","data_limite":"2018-10-31","descricao":"Lavar o carro","tipo":"Doméstica","id":1,"inativa":"T"},{"data_registo":"2018-10-25","data_limite":"2018-10-31","descricao":"Realizar o trabalho","tipo":"Académica","id":2},{"data_registo":"2018-10-25","data_limite":"2018-10-30","descricao":"Ver o VSC vs SCB","tipo":"Lazer","id":3},{"data_registo":"2018-10-26","data_limite":"2018-10-30","descricao":"Gym","tipo":"Física","id":4,"inativa":"T"},{"data_registo":"2018-10-26","data_limite":"2018-10-28","descricao":"Arrumar o quarto","tipo":"Doméstica","id":5},{"data_registo":"2018-10-26","data_limite":"2018-11-07","descricao":"Cortar a relva","tipo":"Doméstica","id":6},{"data_registo":"2018-10-27","data_limite":"2018-10-31","descricao":"Lavar o carro","tipo":"Doméstica","id":7,"inativa":"T"},{"data_registo":"2018-10-27","data_limite":"2018-11-15","descricao":"Realizar o TP2","tipo":"Académica","id":8,"inativa":"T"}]
