<?xml version="1.0" encoding="UTF-8"?>
<manifesto>
    <meta>
        <identificador>
            WEB2018::a78452::Teste
        </identificador>
        <titulo>
            Manifesto para o Teste da UC Desenvolvimento Aplicações WEB 2018
        </titulo>
        <dinicio>
            15-01-2019
        </dinicio>
        <dfim>
            15-01-2019
        </dfim>
        <supervisor>
            <nome>
                José Carlos Ramalho
            </nome>
            <email>jcr@di.uminho.pt</email>
            <website>http://www4.di.uminho.pt/~jcr</website>
        </supervisor>
    </meta>
    <equipa>
        <membro>
            <nome>
                José Pedro dos Santos Ferreira
            </nome>
            <email>a78452@alunos.uminho.pt</email>
            <identificador>
                a78452
            </identificador>
            <website>https://github.com/josepferreira/DesenvolvimentoWeb2018</website>
            <foto path="a78452.jpeg"/>
        </membro>
    </equipa>
    <resumo>
        <para>
            Para a resolução da primeira questão usei o conversor presento no <i>site</i> https://codebeautify.org/xmltojson#copy para realizar
             a conversão do ficheiro <i>XML</i> para <i>JSON</i>. Após ter convertido o ficheiro realizei o <i>import</i> do mesmo para uma <b>Mongo</b>,
            através do seguinte comando: mongoimport -h localhost:27017 -d testeEx1 -c compositores --file compositores.json --jsonArray. Após ter a BD 
            configurada passei a desenvolver um servidor em <b>Node</b> para a <i>API</i> de dados pedida. Primeiro defini o modelo de 
            dados (que faz a ponte entre a BD e o servidor), com os campos 
            necessários para realizar as questões relativas à <i>API</i>. Depois defini o controlador que realiza as questões necessárias. Apenas de 
            referir que tive um pequeno problema ao definir o controlador, visto que normalmente a <i>quey</i> <b>Compositor
                .find({periodo:periodo, dataNas: {$gte: data}},{nome:true,dataNasc:true})</b> funciona, no entanto estava a dar problemas pelo que a substituí por 
            <b>Compositor
                .where('dataNasc').gte(nasc)
                .where('periodo',per)
                .select('nome dataNasc')</b>. Para correr basta realizar o <i>import</i> descrito anteriormente na pasta <b>Ex1</b>. Depois 
            é necessário colocar-se na pasta Compositores, e realizar os seguintes comandos: <b>npm i</b>; <b>npm start</b>.
        </para>
        <para>
            Para a realização do exercício 2 apenas foi necessário definir 2 caminhos aos quais o roteador responde, sendo ambos de pedidos do
             tipo <i>GET</i>. O primeiro pedido é a <b>/</b> ao qual responde com a lista de classes do primeiro nível. O segundo caminho é ao 
            <b>/:idClasse</b> ao qual o servidor responde com as informações relativas aquela classe (ou documento) e com a lista de filhos do mesmo.
            Utilizei o <i>axios</i> para realizar os pedidos à <i>API</i> fornecida pelo professor, sendo que no primeiro pedido apenas é necessário 
            realizar um pedido à <i>API</i> relativo às classes do nível 1. No entanto no segundo pedido já são necessários 2 pedido à <i>API</i>, um 
            relativo às informações da classe (ou documento) e outro relativo aos seus descendentes. Para correr basta posicionar-se na pasta <b>Clav</b>
             e realizar os seguintes comandos: <b>npm i</b>; <b>npm start</b>.
        </para>
        <para>Ambos os servidores estão a correr na porta 3000</para>
    </resumo>
    <resultados>
        <resultado url="manifesto-teste.xml">
            Manifesto para o Teste em formato XML
        </resultado>
        <resultado url="manifesto-teste.html">
            Manifesto para o Teste em formato HTML
        </resultado>
        <resultado url="Ex1/">
            Pasta com os resultados do exercício 1
        </resultado>
        <resultado url="Ex2/respostas.txt">
            Respostas às perguntas do exercício 2
        </resultado>
        <resultado url="Ex2/">
            Pasta com os resultados do exercício 2
        </resultado>
    </resultados>
</manifesto>
